{
    
    "church.search.limit":10,
    "church.search.distance":7,
    
    "fest.all.free":["1.01","6.01","3.05","15.08","1.11","25.12","26.12"],
    "fest.all.work":["2.02","25.03","29.06","2.11"],
    
    "fest.2015.free": ["6.04","4.06"],
    "fest.2015.work":[],
    
    "fest.2016.free": ["28.03","26.05"],
    "fest.2016.work":["10.02"],

    "fest.2017.free": ["17.04","15.06"],
    "fest.2017.work":["01.03"],

    "fest.2018.free": ["02.04","31.05"],
    "fest.2018.work":["14.02"],

    "fest.2019.free": ["22.04","20.06"],
    "fest.2019.work":["6.03"],

    "fest.2020.free": ["13.04","11.06"],
    "fest.2020.work":["26.02"],

    "protocol":"http",

    "square_size": 900,
    "image_size": 1140,
    "thumb_size": 250,
    "user_thumb_size": 100,
    
    "admin.ids": [1],
    
    "pl.center": [52.227492,21.0000383],
    
    "fbver": "v6.0"
    
       
}
